{
  "tests": [
    {
      "name": "Test 0 Compilacion",
      "setup": "",
      "run": "javac -encoding \"UTF-8\" src/main/java/tresenraya/*.java",
      "input": "",
      "output": "",
      "comparison": "exact",
      "timeout": 1,
      "points": null
    },
    {
      "name": "Test 1 Clase Ficha",
      "setup": "",
      "run": "gradle test --tests tresenraya.T01*",
      "input": "",
      "output": "",
      "comparison": "included",
      "timeout": 1,
      "points": 1
    },
    {
      "name": "Test 2 Tablero Vacio",
      "setup": "",
      "run": "gradle test --tests tresenraya.T02*",
      "input": "",
      "output": "",
      "comparison": "included",
      "timeout": 1,
      "points": 1
    },
    {
      "name": "Test 3 Creacion de Partida",
      "setup": "",
      "run": "gradle test --tests tresenraya.T03*",
      "input": "",
      "output": "",
      "comparison": "included",
      "timeout": 1,
      "points": 1
    },
    {
      "name": "Test 4 Casilla Ocupada",
      "setup": "",
      "run": "gradle test --tests tresenraya.T04*",
      "input": "",
      "output": "",
      "comparison": "included",
      "timeout": 1,
      "points": 1
    },
    {
      "name": "Test 5 Ganador en Tablero",
      "setup": "",
      "run": "gradle test --tests tresenraya.T05*",
      "input": "",
      "output": "",
      "comparison": "included",
      "timeout": 1,
      "points": 1
    },
    {
      "name": "Test 6 Ganador en Partida",
      "setup": "",
      "run": "gradle test --tests tresenraya.T06*",
      "input": "",
      "output": "",
      "comparison": "included",
      "timeout": 1,
      "points": 1
    },
    {
      "name": "Test 7 Tablero Lleno",
      "setup": "",
      "run": "gradle test --tests tresenraya.T07*",
      "input": "",
      "output": "",
      "comparison": "included",
      "timeout": 1,
      "points": 1
    },
    {
      "name": "Test 8 Partida Terminada",
      "setup": "",
      "run": "gradle test --tests tresenraya.T08*",
      "input": "",
      "output": "",
      "comparison": "included",
      "timeout": 1,
      "points": 1
    },
    {
      "name": "Test 9 Partidas Completas",
      "setup": "",
      "run": "gradle test --tests tresenraya.T09*",
      "input": "",
      "output": "",
      "comparison": "included",
      "timeout": 1,
      "points": 1
    },
    {
      "name": "Test 10 Flexibilidad en el tam",
      "setup": "",
      "run": "gradle test --tests tresenraya.T10*",
      "input": "",
      "output": "",
      "comparison": "included",
      "timeout": 1,
      "points": 1
    },
    {
      "name": "Depuracion",
      "setup": "",
      "run": "gradle --debug test",
      "input": "",
      "output": "",
      "comparison": "included",
      "timeout": 3,
      "points": null
    }
  ]
}